<?xml version="1.0" encoding="UTF-8"?>
<project-private xmlns="http://www.netbeans.org/ns/project-private/1">
    <editor-bookmarks xmlns="http://www.netbeans.org/ns/editor-bookmarks/2" lastBookmarkId="0"/>
    <open-files xmlns="http://www.netbeans.org/ns/projectui-open-files/2">
        <group>
            <file>file:/C:/Users/ASUS/Documents/NetBeansProjects/Tugas1_Pertemuan3_123190142/src/Kubus.java</file>
            <file>file:/C:/Users/ASUS/Documents/NetBeansProjects/Tugas1_Pertemuan3_123190142/src/PersegiPj.java</file>
            <file>file:/C:/Users/ASUS/Documents/NetBeansProjects/Tugas1_Pertemuan3_123190142/src/Balok.java</file>
            <file>file:/C:/Users/ASUS/Documents/NetBeansProjects/Tugas1_Pertemuan3_123190142/src/Main.java</file>
            <file>file:/C:/Users/ASUS/Documents/NetBeansProjects/Tugas1_Pertemuan3_123190142/src/Persegi.java</file>
            <file>file:/C:/Users/ASUS/Documents/NetBeansProjects/Tugas1_Pertemuan3_123190142/src/Segitiga.java</file>
            <file>file:/C:/Users/ASUS/Documents/NetBeansProjects/Tugas1_Pertemuan3_123190142/src/BangunRuang.java</file>
            <file>file:/C:/Users/ASUS/Documents/NetBeansProjects/Tugas1_Pertemuan3_123190142/src/Tabung.java</file>
            <file>file:/C:/Users/ASUS/Documents/NetBeansProjects/Tugas1_Pertemuan3_123190142/src/BangunDatar.java</file>
            <file>file:/C:/Users/ASUS/Documents/NetBeansProjects/Tugas1_Pertemuan3_123190142/src/Lingkaran.java</file>
        </group>
    </open-files>
</project-private>
